Marca	Modelo	Tamaño	Precio	URL_Imagen
106	3-5 Puertas	Pequeño	25000	/vehiculos lavadero/$25000 3Y5 PUERTAS/106.webp
206	3-5 Puertas	Pequeño	25000	/vehiculos lavadero/$25000 3Y5 PUERTAS/206.avif
206	3-5 Puertas	Pequeño	25000	/vehiculos lavadero/$25000 3Y5 PUERTAS/206.jpg
207	3-5 Puertas	Pequeño	25000	/vehiculos lavadero/$25000 3Y5 PUERTAS/207.jfif
208	3-5 Puertas	Pequeño	25000	/vehiculos lavadero/$25000 3Y5 PUERTAS/208.jfif
318 IS	3-5 Puertas	Pequeño	25000	/vehiculos lavadero/$25000 3Y5 PUERTAS/318 IS.jpg
ARGO	3-5 Puertas	Pequeño	25000	/vehiculos lavadero/$25000 3Y5 PUERTAS/ARGO.jfif
CELTA	3-5 Puertas	Pequeño	25000	/vehiculos lavadero/$25000 3Y5 PUERTAS/CELTA.jpg
CLIO	3-5 Puertas	Pequeño	25000	/vehiculos lavadero/$25000 3Y5 PUERTAS/CLIO.jfif
ESCORT 18	3-5 Puertas	Pequeño	25000	/vehiculos lavadero/$25000 3Y5 PUERTAS/ESCORT 18.jfif
FIAT UNO	3-5 Puertas	Pequeño	25000	/vehiculos lavadero/$25000 3Y5 PUERTAS/FIAT UNO.png
FORD KA	3-5 Puertas	Pequeño	25000	/vehiculos lavadero/$25000 3Y5 PUERTAS/FORD KA.jfif
FOX	3-5 Puertas	Pequeño	25000	/vehiculos lavadero/$25000 3Y5 PUERTAS/FOX.jpg
GLC43	3-5 Puertas	Pequeño	25000	/vehiculos lavadero/$25000 3Y5 PUERTAS/GLC43.jpg
GOL	3-5 Puertas	Pequeño	25000	/vehiculos lavadero/$25000 3Y5 PUERTAS/GOL.jfif
GOLF	3-5 Puertas	Pequeño	25000	/vehiculos lavadero/$25000 3Y5 PUERTAS/GOLF.jfif
MOBI	3-5 Puertas	Pequeño	25000	/vehiculos lavadero/$25000 3Y5 PUERTAS/MOBI.jpg
PALIO	3-5 Puertas	Pequeño	25000	/vehiculos lavadero/$25000 3Y5 PUERTAS/PALIO.webp
RIO	3-5 Puertas	Pequeño	25000	/vehiculos lavadero/$25000 3Y5 PUERTAS/RIO.jfif
TRACK	3-5 Puertas	Pequeño	25000	/vehiculos lavadero/$25000 3Y5 PUERTAS/TRACK.jpg
UP	3-5 Puertas	Pequeño	25000	/vehiculos lavadero/$25000 3Y5 PUERTAS/UP.jpg
FIESTA-KINETIC-1	3-5 Puertas	Pequeño	25000	/vehiculos lavadero/$25000 3Y5 PUERTAS/fiesta-kinetic-1.jpg
HONDA-FIT-	3-5 Puertas	Pequeño	25000	/vehiculos lavadero/$25000 3Y5 PUERTAS/honda-fit-.jpg
280C	5 Puertas	Mediano	28000	/vehiculos lavadero/$28.000   5 PUERTAS UTILITARIOS Y DEPORTIVOS/280C.jfif
307	5 Puertas	Mediano	28000	/vehiculos lavadero/$28.000   5 PUERTAS UTILITARIOS Y DEPORTIVOS/307.jfif
308	5 Puertas	Mediano	28000	/vehiculos lavadero/$28.000   5 PUERTAS UTILITARIOS Y DEPORTIVOS/308.jpg
408	5 Puertas	Mediano	28000	/vehiculos lavadero/$28.000   5 PUERTAS UTILITARIOS Y DEPORTIVOS/408.jfif
A3	5 Puertas	Mediano	28000	/vehiculos lavadero/$28.000   5 PUERTAS UTILITARIOS Y DEPORTIVOS/A3.jfif
A4	5 Puertas	Mediano	28000	/vehiculos lavadero/$28.000   5 PUERTAS UTILITARIOS Y DEPORTIVOS/A4.jfif
ARGO	5 Puertas	Mediano	28000	/vehiculos lavadero/$28.000   5 PUERTAS UTILITARIOS Y DEPORTIVOS/ARGO.jfif
ASTRA	5 Puertas	Mediano	28000	/vehiculos lavadero/$28.000   5 PUERTAS UTILITARIOS Y DEPORTIVOS/ASTRA.jfif
BERLINGO	5 Puertas	Mediano	28000	/vehiculos lavadero/$28.000   5 PUERTAS UTILITARIOS Y DEPORTIVOS/BERLINGO.jfif
BMW 235	5 Puertas	Mediano	28000	/vehiculos lavadero/$28.000   5 PUERTAS UTILITARIOS Y DEPORTIVOS/BMW 235.jfif
BMW_318I	5 Puertas	Mediano	28000	/vehiculos lavadero/$28.000   5 PUERTAS UTILITARIOS Y DEPORTIVOS/BMW_318i.jpg
BMW_330I	5 Puertas	Mediano	28000	/vehiculos lavadero/$28.000   5 PUERTAS UTILITARIOS Y DEPORTIVOS/BMW_330i.jpg
BORA	5 Puertas	Mediano	28000	/vehiculos lavadero/$28.000   5 PUERTAS UTILITARIOS Y DEPORTIVOS/BORA.jfif
C20	5 Puertas	Mediano	28000	/vehiculos lavadero/$28.000   5 PUERTAS UTILITARIOS Y DEPORTIVOS/C20.webp
C3	5 Puertas	Mediano	28000	/vehiculos lavadero/$28.000   5 PUERTAS UTILITARIOS Y DEPORTIVOS/C3.png
C4 MODELO 2010	5 Puertas	Mediano	28000	/vehiculos lavadero/$28.000   5 PUERTAS UTILITARIOS Y DEPORTIVOS/C4 MODELO 2010.jpg
CAMRY	5 Puertas	Mediano	28000	/vehiculos lavadero/$28.000   5 PUERTAS UTILITARIOS Y DEPORTIVOS/CAMRY.jpg
CITY	5 Puertas	Mediano	28000	/vehiculos lavadero/$28.000   5 PUERTAS UTILITARIOS Y DEPORTIVOS/CITY.jfif
CIVIC	5 Puertas	Mediano	28000	/vehiculos lavadero/$28.000   5 PUERTAS UTILITARIOS Y DEPORTIVOS/CIVIC.jfif
COOPER S	5 Puertas	Mediano	28000	/vehiculos lavadero/$28.000   5 PUERTAS UTILITARIOS Y DEPORTIVOS/COOPER S.webp
COROLLA	5 Puertas	Mediano	28000	/vehiculos lavadero/$28.000   5 PUERTAS UTILITARIOS Y DEPORTIVOS/COROLLA.jpg
CORSA	5 Puertas	Mediano	28000	/vehiculos lavadero/$28.000   5 PUERTAS UTILITARIOS Y DEPORTIVOS/CORSA.webp
COURIER	5 Puertas	Mediano	28000	/vehiculos lavadero/$28.000   5 PUERTAS UTILITARIOS Y DEPORTIVOS/COURIER.jfif
CRONOS	5 Puertas	Mediano	28000	/vehiculos lavadero/$28.000   5 PUERTAS UTILITARIOS Y DEPORTIVOS/CRONOS.webp
CRUZE	5 Puertas	Mediano	28000	/vehiculos lavadero/$28.000   5 PUERTAS UTILITARIOS Y DEPORTIVOS/CRUZE.jfif
DS3	5 Puertas	Mediano	28000	/vehiculos lavadero/$28.000   5 PUERTAS UTILITARIOS Y DEPORTIVOS/DS3.webp
E200 MERCEDES	5 Puertas	Mediano	28000	/vehiculos lavadero/$28.000   5 PUERTAS UTILITARIOS Y DEPORTIVOS/E200 mercedes.webp
ETIOS	5 Puertas	Mediano	28000	/vehiculos lavadero/$28.000   5 PUERTAS UTILITARIOS Y DEPORTIVOS/ETIOS.jpg
FASTBACK	5 Puertas	Mediano	28000	/vehiculos lavadero/$28.000   5 PUERTAS UTILITARIOS Y DEPORTIVOS/FASTBACK.avif
FIESTA	5 Puertas	Mediano	28000	/vehiculos lavadero/$28.000   5 PUERTAS UTILITARIOS Y DEPORTIVOS/FIESTA.jfif
FIORINO	5 Puertas	Mediano	28000	/vehiculos lavadero/$28.000   5 PUERTAS UTILITARIOS Y DEPORTIVOS/FIORINO.jfif
FLUENCE	5 Puertas	Mediano	28000	/vehiculos lavadero/$28.000   5 PUERTAS UTILITARIOS Y DEPORTIVOS/FLUENCE.jfif
FOCUS	5 Puertas	Mediano	28000	/vehiculos lavadero/$28.000   5 PUERTAS UTILITARIOS Y DEPORTIVOS/FOCUS.jfif
FOREST	5 Puertas	Mediano	28000	/vehiculos lavadero/$28.000   5 PUERTAS UTILITARIOS Y DEPORTIVOS/FOREST.avif
FIAT PALIO	5 Puertas	Mediano	28000	/vehiculos lavadero/$28.000   5 PUERTAS UTILITARIOS Y DEPORTIVOS/Fiat Palio.jfif
GLI (SEDAN)	5 Puertas	Mediano	28000	/vehiculos lavadero/$28.000   5 PUERTAS UTILITARIOS Y DEPORTIVOS/GLI (SEDAN).webp
GR FOUR	5 Puertas	Mediano	28000	/vehiculos lavadero/$28.000   5 PUERTAS UTILITARIOS Y DEPORTIVOS/GR FOUR.png
GTS (POLO)	5 Puertas	Mediano	28000	/vehiculos lavadero/$28.000   5 PUERTAS UTILITARIOS Y DEPORTIVOS/GTS (POLO).jpg
GULIETTA ALFA ROMEO	5 Puertas	Mediano	28000	/vehiculos lavadero/$28.000   5 PUERTAS UTILITARIOS Y DEPORTIVOS/Gulietta alfa romeo.jfif
HB20	5 Puertas	Mediano	28000	/vehiculos lavadero/$28.000   5 PUERTAS UTILITARIOS Y DEPORTIVOS/HB20.jpg
HONDA FIT	5 Puertas	Mediano	28000	/vehiculos lavadero/$28.000   5 PUERTAS UTILITARIOS Y DEPORTIVOS/HONDA FIT.jpg
KANGOO	5 Puertas	Mediano	28000	/vehiculos lavadero/$28.000   5 PUERTAS UTILITARIOS Y DEPORTIVOS/KANGOO.webp
LOGAN	5 Puertas	Mediano	28000	/vehiculos lavadero/$28.000   5 PUERTAS UTILITARIOS Y DEPORTIVOS/LOGAN.webp
MERIVA	5 Puertas	Mediano	28000	/vehiculos lavadero/$28.000   5 PUERTAS UTILITARIOS Y DEPORTIVOS/MERIVA.jfif
ONIX	5 Puertas	Mediano	28000	/vehiculos lavadero/$28.000   5 PUERTAS UTILITARIOS Y DEPORTIVOS/ONIX.jfif
PARTNER	5 Puertas	Mediano	28000	/vehiculos lavadero/$28.000   5 PUERTAS UTILITARIOS Y DEPORTIVOS/PARTNER.jfif
PASSAT	5 Puertas	Mediano	28000	/vehiculos lavadero/$28.000   5 PUERTAS UTILITARIOS Y DEPORTIVOS/PASSAT.jfif
PICASSO	5 Puertas	Mediano	28000	/vehiculos lavadero/$28.000   5 PUERTAS UTILITARIOS Y DEPORTIVOS/PICASSO.jfif
POLO	5 Puertas	Mediano	28000	/vehiculos lavadero/$28.000   5 PUERTAS UTILITARIOS Y DEPORTIVOS/POLO.jpg
PRISMA	5 Puertas	Mediano	28000	/vehiculos lavadero/$28.000   5 PUERTAS UTILITARIOS Y DEPORTIVOS/PRISMA.jfif
RENAUL QUBO	5 Puertas	Mediano	28000	/vehiculos lavadero/$28.000   5 PUERTAS UTILITARIOS Y DEPORTIVOS/RENAUL QUBO.jfif
SAIVERO	5 Puertas	Mediano	28000	/vehiculos lavadero/$28.000   5 PUERTAS UTILITARIOS Y DEPORTIVOS/SAIVERO.jfif
SANDERO STEPWAY 1	5 Puertas	Mediano	28000	/vehiculos lavadero/$28.000   5 PUERTAS UTILITARIOS Y DEPORTIVOS/SANDERO STEPWAY 1.jpg
SANDERO	5 Puertas	Mediano	28000	/vehiculos lavadero/$28.000   5 PUERTAS UTILITARIOS Y DEPORTIVOS/SANDERO.jfif
SEDAN	5 Puertas	Mediano	28000	/vehiculos lavadero/$28.000   5 PUERTAS UTILITARIOS Y DEPORTIVOS/SEDAN.png
SIENA	5 Puertas	Mediano	28000	/vehiculos lavadero/$28.000   5 PUERTAS UTILITARIOS Y DEPORTIVOS/SIENA.jfif
SURAN	5 Puertas	Mediano	28000	/vehiculos lavadero/$28.000   5 PUERTAS UTILITARIOS Y DEPORTIVOS/SURAN.avif
TIIDA	5 Puertas	Mediano	28000	/vehiculos lavadero/$28.000   5 PUERTAS UTILITARIOS Y DEPORTIVOS/TIIDA.jpg
TIPO	5 Puertas	Mediano	28000	/vehiculos lavadero/$28.000   5 PUERTAS UTILITARIOS Y DEPORTIVOS/TIPO.jfif
TIPO	5 Puertas	Mediano	28000	/vehiculos lavadero/$28.000   5 PUERTAS UTILITARIOS Y DEPORTIVOS/TIPO.webp
TT AUDI	5 Puertas	Mediano	28000	/vehiculos lavadero/$28.000   5 PUERTAS UTILITARIOS Y DEPORTIVOS/TT Audi.jfif
TERA	5 Puertas	Mediano	28000	/vehiculos lavadero/$28.000   5 PUERTAS UTILITARIOS Y DEPORTIVOS/Tera.jfif
VENTO	5 Puertas	Mediano	28000	/vehiculos lavadero/$28.000   5 PUERTAS UTILITARIOS Y DEPORTIVOS/VENTO.jfif
VERSA	5 Puertas	Mediano	28000	/vehiculos lavadero/$28.000   5 PUERTAS UTILITARIOS Y DEPORTIVOS/VERSA.jpg
VIRTUS	5 Puertas	Mediano	28000	/vehiculos lavadero/$28.000   5 PUERTAS UTILITARIOS Y DEPORTIVOS/VIRTUS.jpg
VOLVO 850	5 Puertas	Mediano	28000	/vehiculos lavadero/$28.000   5 PUERTAS UTILITARIOS Y DEPORTIVOS/VOLVO 850.jfif
VOYAGE	5 Puertas	Mediano	28000	/vehiculos lavadero/$28.000   5 PUERTAS UTILITARIOS Y DEPORTIVOS/VOYAGE.jfif
VOLKSWAGEN-VOYAGE-	5 Puertas	Mediano	28000	/vehiculos lavadero/$28.000   5 PUERTAS UTILITARIOS Y DEPORTIVOS/Volkswagen-Voyage-.webp
X3 KAIYI	5 Puertas	Mediano	28000	/vehiculos lavadero/$28.000   5 PUERTAS UTILITARIOS Y DEPORTIVOS/X3 KAIYI.jfif
YARIS	5 Puertas	Mediano	28000	/vehiculos lavadero/$28.000   5 PUERTAS UTILITARIOS Y DEPORTIVOS/YARIS.jfif
ZAFIRA	5 Puertas	Mediano	28000	/vehiculos lavadero/$28.000   5 PUERTAS UTILITARIOS Y DEPORTIVOS/ZAFIRA.jpg
BMW 125I	5 Puertas	Mediano	28000	/vehiculos lavadero/$28.000   5 PUERTAS UTILITARIOS Y DEPORTIVOS/bmw 125i.jpg
RENAULT-MEGANE	5 Puertas	Mediano	28000	/vehiculos lavadero/$28.000   5 PUERTAS UTILITARIOS Y DEPORTIVOS/renault-megane.jpg
20008	SUV Pequeño-Medio	Mediano	30000	/vehiculos lavadero/$30.000 SUV CHI Y MED/20008.webp
500X	SUV Pequeño-Medio	Mediano	30000	/vehiculos lavadero/$30.000 SUV CHI Y MED/500x.jfif
AIRCROSS	SUV Pequeño-Medio	Mediano	30000	/vehiculos lavadero/$30.000 SUV CHI Y MED/AIRCROSS.webp
ARKANA	SUV Pequeño-Medio	Mediano	30000	/vehiculos lavadero/$30.000 SUV CHI Y MED/ARKANA.webp
ABARTH	SUV Pequeño-Medio	Mediano	30000	/vehiculos lavadero/$30.000 SUV CHI Y MED/Abarth.jpg
AIRCROSS	SUV Pequeño-Medio	Mediano	30000	/vehiculos lavadero/$30.000 SUV CHI Y MED/Aircross.png
B180 MERCEDES	SUV Pequeño-Medio	Mediano	30000	/vehiculos lavadero/$30.000 SUV CHI Y MED/B180 MERCEDES.jpg
B200	SUV Pequeño-Medio	Mediano	30000	/vehiculos lavadero/$30.000 SUV CHI Y MED/B200.webp
BYD ATTO	SUV Pequeño-Medio	Mediano	30000	/vehiculos lavadero/$30.000 SUV CHI Y MED/BYD ATTO.webp
C3 AIRCROSS	SUV Pequeño-Medio	Mediano	30000	/vehiculos lavadero/$30.000 SUV CHI Y MED/C3 AIRCROSS.jfif
C4 CACTUS	SUV Pequeño-Medio	Mediano	30000	/vehiculos lavadero/$30.000 SUV CHI Y MED/C4 CACTUS.jfif
CRETA	SUV Pequeño-Medio	Mediano	30000	/vehiculos lavadero/$30.000 SUV CHI Y MED/CRETA.jfif
CROSS	SUV Pequeño-Medio	Mediano	30000	/vehiculos lavadero/$30.000 SUV CHI Y MED/CROSS.webp
DS7	SUV Pequeño-Medio	Mediano	30000	/vehiculos lavadero/$30.000 SUV CHI Y MED/DS7.jfif
DUSTER	SUV Pequeño-Medio	Mediano	30000	/vehiculos lavadero/$30.000 SUV CHI Y MED/DUSTER.webp
ECO SPORT	SUV Pequeño-Medio	Mediano	30000	/vehiculos lavadero/$30.000 SUV CHI Y MED/ECO SPORT.jfif
ECOSPORT	SUV Pequeño-Medio	Mediano	30000	/vehiculos lavadero/$30.000 SUV CHI Y MED/ECOSPORT.jpg
FIAT 500X	SUV Pequeño-Medio	Mediano	30000	/vehiculos lavadero/$30.000 SUV CHI Y MED/FIAT 500X.webp
HR-V	SUV Pequeño-Medio	Mediano	30000	/vehiculos lavadero/$30.000 SUV CHI Y MED/HR-V.jpg
HRV HONDA	SUV Pequeño-Medio	Mediano	30000	/vehiculos lavadero/$30.000 SUV CHI Y MED/HRV HONDA.jfif
KAIYI X3	SUV Pequeño-Medio	Mediano	30000	/vehiculos lavadero/$30.000 SUV CHI Y MED/KAIYI X3.webp
KARDIAN	SUV Pequeño-Medio	Mediano	30000	/vehiculos lavadero/$30.000 SUV CHI Y MED/KARDIAN.jfif
KICKS	SUV Pequeño-Medio	Mediano	30000	/vehiculos lavadero/$30.000 SUV CHI Y MED/KICKS.webp
KOLEOS	SUV Pequeño-Medio	Mediano	30000	/vehiculos lavadero/$30.000 SUV CHI Y MED/KOLEOS.webp
KUGA	SUV Pequeño-Medio	Mediano	30000	/vehiculos lavadero/$30.000 SUV CHI Y MED/KUGA.jpg
NIVUS	SUV Pequeño-Medio	Mediano	30000	/vehiculos lavadero/$30.000 SUV CHI Y MED/NIVUS.jpg
Q3	SUV Pequeño-Medio	Mediano	30000	/vehiculos lavadero/$30.000 SUV CHI Y MED/Q3.jpg
RAV4	SUV Pequeño-Medio	Mediano	30000	/vehiculos lavadero/$30.000 SUV CHI Y MED/RAV4.png
RENEGADE	SUV Pequeño-Medio	Mediano	30000	/vehiculos lavadero/$30.000 SUV CHI Y MED/RENEGADE.jfif
SPIN	SUV Pequeño-Medio	Mediano	30000	/vehiculos lavadero/$30.000 SUV CHI Y MED/SPIN.avif
T-CROSS-2024 VW	SUV Pequeño-Medio	Mediano	30000	/vehiculos lavadero/$30.000 SUV CHI Y MED/T-cross-2024 VW.png
TERA	SUV Pequeño-Medio	Mediano	30000	/vehiculos lavadero/$30.000 SUV CHI Y MED/TERA.webp
TRACKER	SUV Pequeño-Medio	Mediano	30000	/vehiculos lavadero/$30.000 SUV CHI Y MED/TRACKER.jfif
VOLVO	SUV Pequeño-Medio	Mediano	30000	/vehiculos lavadero/$30.000 SUV CHI Y MED/VOLVO.jfif
WEEKEND	SUV Pequeño-Medio	Mediano	30000	/vehiculos lavadero/$30.000 SUV CHI Y MED/WEEKEND.jpg
X TRIAL	SUV Pequeño-Medio	Mediano	30000	/vehiculos lavadero/$30.000 SUV CHI Y MED/X TRIAL.jpg
X1	SUV Pequeño-Medio	Mediano	30000	/vehiculos lavadero/$30.000 SUV CHI Y MED/X1.webp
X3	SUV Pequeño-Medio	Mediano	30000	/vehiculos lavadero/$30.000 SUV CHI Y MED/X3.webp
COROLLA-CROSS	SUV Pequeño-Medio	Mediano	30000	/vehiculos lavadero/$30.000 SUV CHI Y MED/corolla-cross.jpg
CRV SCOUT	SUV Pequeño-Medio	Mediano	30000	/vehiculos lavadero/$30.000 SUV CHI Y MED/crv scout.jpg
JAC	SUV Pequeño-Medio	Mediano	30000	/vehiculos lavadero/$30.000 SUV CHI Y MED/jac.webp
JOLION	SUV Pequeño-Medio	Mediano	30000	/vehiculos lavadero/$30.000 SUV CHI Y MED/jolion.jfif
PULSE	SUV Pequeño-Medio	Mediano	30000	/vehiculos lavadero/$30.000 SUV CHI Y MED/pulse.webp
X50	SUV Pequeño-Medio	Mediano	30000	/vehiculos lavadero/$30.000 SUV CHI Y MED/x50.jfif
5003	SUV Grande	Grande	35000	/vehiculos lavadero/$35.000 SUV GRANDES Y CAMIONETAS/5003.jfif
AMAROK	SUV Grande	Grande	35000	/vehiculos lavadero/$35.000 SUV GRANDES Y CAMIONETAS/AMAROK.webp
BRONCO	SUV Grande	Grande	35000	/vehiculos lavadero/$35.000 SUV GRANDES Y CAMIONETAS/BRONCO.webp
CAPTIVA	SUV Grande	Grande	35000	/vehiculos lavadero/$35.000 SUV GRANDES Y CAMIONETAS/CAPTIVA.jfif
COMPASS	SUV Grande	Grande	35000	/vehiculos lavadero/$35.000 SUV GRANDES Y CAMIONETAS/COMPASS.jfif
CRV	SUV Grande	Grande	35000	/vehiculos lavadero/$35.000 SUV GRANDES Y CAMIONETAS/CRV.webp
CRV HONDA	SUV Grande	Grande	35000	/vehiculos lavadero/$35.000 SUV GRANDES Y CAMIONETAS/CRv Honda.webp
CHANGAN-CS55	SUV Grande	Grande	35000	/vehiculos lavadero/$35.000 SUV GRANDES Y CAMIONETAS/Changan-CS55.jpg
EQUINOX	SUV Grande	Grande	35000	/vehiculos lavadero/$35.000 SUV GRANDES Y CAMIONETAS/EQUINOX.jpg
FORESTER	SUV Grande	Grande	35000	/vehiculos lavadero/$35.000 SUV GRANDES Y CAMIONETAS/FORESTER.jfif
FRONTIER	SUV Grande	Grande	35000	/vehiculos lavadero/$35.000 SUV GRANDES Y CAMIONETAS/FRONTIER.jfif
GLA250 4MATIC	SUV Grande	Grande	35000	/vehiculos lavadero/$35.000 SUV GRANDES Y CAMIONETAS/GLA250 4matic.jpg
GLC 43 ,,	SUV Grande	Grande	35000	/vehiculos lavadero/$35.000 SUV GRANDES Y CAMIONETAS/GLC 43 ,,.jpg
GLC300	SUV Grande	Grande	35000	/vehiculos lavadero/$35.000 SUV GRANDES Y CAMIONETAS/GLC300.jpg
GLC43	SUV Grande	Grande	35000	/vehiculos lavadero/$35.000 SUV GRANDES Y CAMIONETAS/GLC43.avif
GRAND CHEROKEE	SUV Grande	Grande	35000	/vehiculos lavadero/$35.000 SUV GRANDES Y CAMIONETAS/GRAND CHEROKEE.jfif
HILUX	SUV Grande	Grande	35000	/vehiculos lavadero/$35.000 SUV GRANDES Y CAMIONETAS/HILUX.jfif
HILUX	SUV Grande	Grande	35000	/vehiculos lavadero/$35.000 SUV GRANDES Y CAMIONETAS/HILUX.png
INNOVA	SUV Grande	Grande	35000	/vehiculos lavadero/$35.000 SUV GRANDES Y CAMIONETAS/Innova.jpg
JEEP MERCEDES	SUV Grande	Grande	35000	/vehiculos lavadero/$35.000 SUV GRANDES Y CAMIONETAS/JEEP MERCEDES.avif
JEEP MERCEDES	SUV Grande	Grande	35000	/vehiculos lavadero/$35.000 SUV GRANDES Y CAMIONETAS/JEEP MERCEDES.webp
JOURNEY	SUV Grande	Grande	35000	/vehiculos lavadero/$35.000 SUV GRANDES Y CAMIONETAS/JOURNEY.jfif
L200	SUV Grande	Grande	35000	/vehiculos lavadero/$35.000 SUV GRANDES Y CAMIONETAS/L200.jpg
LIMITED JEEP	SUV Grande	Grande	35000	/vehiculos lavadero/$35.000 SUV GRANDES Y CAMIONETAS/LIMITED JEEP.jpg
MAVERCIK	SUV Grande	Grande	35000	/vehiculos lavadero/$35.000 SUV GRANDES Y CAMIONETAS/Mavercik.jfif
OROCH	SUV Grande	Grande	35000	/vehiculos lavadero/$35.000 SUV GRANDES Y CAMIONETAS/OROCH.jfif
RAM RAMPAGE	SUV Grande	Grande	35000	/vehiculos lavadero/$35.000 SUV GRANDES Y CAMIONETAS/RAM RAMPAGE.jpg
RANGER	SUV Grande	Grande	35000	/vehiculos lavadero/$35.000 SUV GRANDES Y CAMIONETAS/RANGER.webp
RAV 4	SUV Grande	Grande	35000	/vehiculos lavadero/$35.000 SUV GRANDES Y CAMIONETAS/RAV 4.jpg
RAV4	SUV Grande	Grande	35000	/vehiculos lavadero/$35.000 SUV GRANDES Y CAMIONETAS/RAV4.png
SORENTO	SUV Grande	Grande	35000	/vehiculos lavadero/$35.000 SUV GRANDES Y CAMIONETAS/SORENTO.jfif
SPIN LTZ	SUV Grande	Grande	35000	/vehiculos lavadero/$35.000 SUV GRANDES Y CAMIONETAS/SPIN LTZ.jfif
STRADA	SUV Grande	Grande	35000	/vehiculos lavadero/$35.000 SUV GRANDES Y CAMIONETAS/STRADA.jfif
SW4	SUV Grande	Grande	35000	/vehiculos lavadero/$35.000 SUV GRANDES Y CAMIONETAS/SW4.jpg
TAOS	SUV Grande	Grande	35000	/vehiculos lavadero/$35.000 SUV GRANDES Y CAMIONETAS/TAOS.jfif
TERRITORY	SUV Grande	Grande	35000	/vehiculos lavadero/$35.000 SUV GRANDES Y CAMIONETAS/TERRITORY.jfif
TIGUON	SUV Grande	Grande	35000	/vehiculos lavadero/$35.000 SUV GRANDES Y CAMIONETAS/TIGUON.jfif
TORO	SUV Grande	Grande	35000	/vehiculos lavadero/$35.000 SUV GRANDES Y CAMIONETAS/TORO.png
TUCSON HYUNDAI	SUV Grande	Grande	35000	/vehiculos lavadero/$35.000 SUV GRANDES Y CAMIONETAS/TUCSON HYUNDAI.jpg
X3	SUV Grande	Grande	35000	/vehiculos lavadero/$35.000 SUV GRANDES Y CAMIONETAS/X3.webp
X6	SUV Grande	Grande	35000	/vehiculos lavadero/$35.000 SUV GRANDES Y CAMIONETAS/X6.webp
XGEAR	SUV Grande	Grande	35000	/vehiculos lavadero/$35.000 SUV GRANDES Y CAMIONETAS/XGEAR.jfif
XTERRA	SUV Grande	Grande	35000	/vehiculos lavadero/$35.000 SUV GRANDES Y CAMIONETAS/XTERRA.jfif
BAIC X55	SUV Grande	Grande	35000	/vehiculos lavadero/$35.000 SUV GRANDES Y CAMIONETAS/baic x55.jfif
RANGER-LIMITED	SUV Grande	Grande	35000	/vehiculos lavadero/$35.000 SUV GRANDES Y CAMIONETAS/ranger-limited.webp
S10	SUV Grande	Grande	35000	/vehiculos lavadero/$35.000 SUV GRANDES Y CAMIONETAS/s10.jpg
CARNIVAL	Camioneta Premium	Grande	40000	/vehiculos lavadero/$40.000 CAMIONETAS RAM Y MINIBAN/CARNIVAL.jfif
F150	Camioneta Premium	Grande	40000	/vehiculos lavadero/$40.000 CAMIONETAS RAM Y MINIBAN/F150.jfif
HIACE TOYOTA	Camioneta Premium	Grande	40000	/vehiculos lavadero/$40.000 CAMIONETAS RAM Y MINIBAN/Hiace toyota.png
JUMPY	Camioneta Premium	Grande	40000	/vehiculos lavadero/$40.000 CAMIONETAS RAM Y MINIBAN/JUMPY.jfif
LAND CRUSIER VX	Camioneta Premium	Grande	40000	/vehiculos lavadero/$40.000 CAMIONETAS RAM Y MINIBAN/Land crusier vx.jpg
PATRIOT JEEP	Camioneta Premium	Grande	40000	/vehiculos lavadero/$40.000 CAMIONETAS RAM Y MINIBAN/PATRIOT JEEP.jfif
RAM	Camioneta Premium	Grande	40000	/vehiculos lavadero/$40.000 CAMIONETAS RAM Y MINIBAN/RAM.jpg
RAPTOR	Camioneta Premium	Grande	40000	/vehiculos lavadero/$40.000 CAMIONETAS RAM Y MINIBAN/RAPTOR.jpg
VITTO 119 MERCEDE	Camioneta Premium	Grande	40000	/vehiculos lavadero/$40.000 CAMIONETAS RAM Y MINIBAN/VITTO 119 MERCEDE.jfif